{
  "myInterval": 3,
  "myRetryCount": 30,
  "scrollHeightData": {
    "Concepts MOC.md": {
      "height": 17.944010416666668,
      "lastAccessed": 1743360461904
    },
    "node_modules/@modelcontextprotocol/sdk/README.md": {
      "height": 58.961309523809526,
      "lastAccessed": 1743357386901
    },
    "projects/myMcpServer/README.md": {
      "height": 72.5995260663507,
      "lastAccessed": 1743360092904
    },
    "projects/myMcpServer/Project MOC.md": {
      "height": 13.608412322274882,
      "lastAccessed": 1743360110903
    },
    "Configuring Cursor MCP Integration.md": {
      "height": 66.98793161247066,
      "lastAccessed": 1743360464892
    },
    "languages/typescript/TypeScript MOC.md": {
      "height": 5.1330956625074275,
      "lastAccessed": 1743362123899
    },
    "docsGuide/Linking Strategy.md": {
      "height": 85.75325520833333,
      "lastAccessed": 1743375853656
    },
    "projects/myMcpServer/implementation/core/overview-v2.md": {
      "height": 4.642252604166667,
      "lastAccessed": 1743368731664
    },
    "docsGuide/Documentation Structure Guide.md": {
      "height": 207.4375,
      "lastAccessed": 1743376102657
    },
    "docsGuide/Knowledge Graph.md": {
      "height": 71.16883886255924,
      "lastAccessed": 1743375838661
    },
    "projects/myMcpServer/implementation/_index.md": {
      "height": 8.564231738035264,
      "lastAccessed": 1743376405662
    },
    "mcpKnowledge/core/Tool Management.md": {
      "height": 134.77278645833334,
      "lastAccessed": 1743376903656
    },
    "projects/myMcpServer/architecture/System Overview.md": {
      "height": 34.6640625,
      "lastAccessed": 1743379970763
    }
  },
  "listenEvent": "mouseover",
  "pageSize": 10,
  "enableAutoCleanup": false,
  "cleanupDays": 30,
  "dataManagementSettingsOpen": false
}