{
  "myInterval": 3,
  "myRetryCount": 30,
  "scrollHeightData": {
    "Concepts MOC.md": {
      "height": 17.944010416666668,
      "lastAccessed": 1743360461904
    },
    "node_modules/@modelcontextprotocol/sdk/README.md": {
      "height": 58.961309523809526,
      "lastAccessed": 1743357386901
    },
    "projects/myMcpServer/README.md": {
      "height": 72.5995260663507,
      "lastAccessed": 1743360092904
    },
    "projects/myMcpServer/Project MOC.md": {
      "height": 13.608412322274882,
      "lastAccessed": 1743360110903
    },
    "Configuring Cursor MCP Integration.md": {
      "height": 66.98793161247066,
      "lastAccessed": 1743360464892
    },
    "languages/typescript/TypeScript MOC.md": {
      "height": 5.1330956625074275,
      "lastAccessed": 1743362123899
    },
    "docsGuide/Linking Strategy.md": {
      "height": 153.37565104166666,
      "lastAccessed": 1743368719666
    },
    "projects/myMcpServer/implementation/core/overview-v2.md": {
      "height": 4.642252604166667,
      "lastAccessed": 1743368731664
    }
  },
  "listenEvent": "mouseover",
  "pageSize": 10,
  "enableAutoCleanup": false,
  "cleanupDays": 30,
  "dataManagementSettingsOpen": false
}